{"Workspace": {"Table": {"Racks": [{"ID": 10100000, "Color": 10, "isInitialized": false, "Type": -1, "Content": [-1, ""], "Pose": [1.1012967928790127, -0.2911862892822963, 0.056735922162759356, -0.49887406397592016, -0.49887406397592016, 0.5011234062505457, 0.5011234062505457], "CADModelAddress": "", "OccupancyOfHoles": [true, false, false, false, false, false, false, false, true, true, false, false, false, false, true, false, false, false, false, false, false, false, false, false, false, false, true, false, false, false, true, false, false, false, false, false, false, false, false, false, true, false, false, false, false, false, false, false, false, false], "PoseOfHoles": [[1.1016689778376407, -0.20845496417603926, 0.022556058541397667, -0.49887406397592016, -0.49887406397592016, 0.5011234062505457, 0.5011234062505457], [1.1015850239483382, -0.2271166976738726, 0.022196477260208555, -0.49887406397592016, -0.49887406397592016, 0.5011234062505457, 0.5011234062505457], [1.1015026796379144, -0.2454206451021508, 0.022168626573937325, -0.49887406397592016, -0.49887406397592016, 0.5011234062505457, 0.5011234062505457], [1.1014203353274905, -0.26372459253042885, 0.02214077588766604, -0.49887406397592016, -0.49887406397592016, 0.5011234062505457, 0.5011234062505457], [1.1013379910170669, -0.282028539958707, 0.02211292520139481, -0.49887406397592016, -0.49887406397592016, 0.5011234062505457, 0.5011234062505457], [1.101255762917237, -0.3003066554552928, 0.02277346160705973, -0.49887406397592016, -0.49887406397592016, 0.5011234062505457, 0.5011234062505457], [1.1011734186068132, -0.31861060288357096, 0.022745610920788396, -0.49887406397592016, -0.49887406397592016, 0.5011234062505457, 0.5011234062505457], [1.1010909580857955, -0.33694038224354156, 0.02202937314258096, -0.49887406397592016, -0.49887406397592016, 0.5011234062505457, 0.5011234062505457], [1.1010086718806686, -0.3552314137059735, 0.022345716002277777, -0.49887406397592016, -0.49887406397592016, 0.5011234062505457, 0.5011234062505457], [1.1009293724121112, -0.3728585368926794, 0.021948745867937873, -0.49887406397592016, -0.49887406397592016, 0.5011234062505457, 0.5011234062505457], [1.1016672286817442, -0.20884377619485828, 0.039803124692953294, -0.49887406397592016, -0.49887406397592016, 0.5011234062505457, 0.5011234062505457], [1.1015849424766173, -0.22713480765729027, 0.04011946755265011, -0.49887406397592016, -0.49887406397592016, 0.5011234062505457, 0.5011234062505457], [1.1015025981661934, -0.24543875508556834, 0.040091616866378826, -0.49887406397592016, -0.49887406397592016, 0.5011234062505457, 0.5011234062505457], [1.1014202538557698, -0.2637427025138465, 0.040063766180107596, -0.49887406397592016, -0.49887406397592016, 0.5011234062505457, 0.5011234062505457], [1.101336358071764, -0.2823915200458338, 0.04004837844488654, -0.49887406397592016, -0.49887406397592016, 0.5011234062505457, 0.5011234062505457], [1.1012539556560434, -0.30070838343995815, 0.03967633421264726, -0.49887406397592016, -0.49887406397592016, 0.5011234062505457, 0.5011234062505457], [1.10117477239808, -0.31830967469497173, 0.03996775117024346, -0.49887406397592016, -0.49887406397592016, 0.5011234062505457, 0.5011234062505457], [1.1010923699823592, -0.3366265380890961, 0.03959570693800418, -0.49887406397592016, -0.49887406397592016, 0.5011234062505457, 0.5011234062505457], [1.1010101418825293, -0.3549046535856818, 0.040256243343669104, -0.49887406397592016, -0.49887406397592016, 0.5011234062505457, 0.5011234062505457], [1.1009292909403903, -0.37287664687609706, 0.03987173616037944, -0.49887406397592016, -0.49887406397592016, 0.5011234062505457, 0.5011234062505457], [1.1016655376311446, -0.2092196722478312, 0.057394384390477025, -0.49887406397592016, -0.49887406397592016, 0.5011234062505457, 0.5011234062505457], [1.1015831933207207, -0.22752361967610926, 0.05736653370420574, -0.49887406397592016, -0.49887406397592016, 0.5011234062505457, 0.5011234062505457], [1.1015008490102969, -0.24582756710438758, 0.057338683017934516, -0.49887406397592016, -0.49887406397592016, 0.5011234062505457, 0.5011234062505457], [1.1014200561734548, -0.26378664442895644, 0.057298369380612946, -0.49887406397592016, -0.49887406397592016, 0.5011234062505457, 0.5011234062505457], [1.101337711863031, -0.2820905918572345, 0.05727051869434165, -0.49887406397592016, -0.49887406397592016, 0.5011234062505457, 0.5011234062505457], [1.1012538160790255, -0.3007394093892219, 0.05725513095912065, -0.49887406397592016, -0.49887406397592016, 0.5011234062505457, 0.5011234062505457], [1.1011730232421835, -0.31869848671379086, 0.057214817321799144, -0.49887406397592016, -0.49887406397592016, 0.5011234062505457, 0.5011234062505457], [1.1010922304053414, -0.3366575640383598, 0.05717450368447757, -0.49887406397592016, -0.49887406397592016, 0.5011234062505457, 0.5011234062505457], [1.1010099442002146, -0.3549485955007917, 0.05749084654417439, -0.49887406397592016, -0.49887406397592016, 0.5011234062505457, 0.5011234062505457], [1.1009290932580755, -0.37292058879120693, 0.05710633936088478, -0.49887406397592016, -0.49887406397592016, 0.5011234062505457, 0.5011234062505457], [1.1016653980541267, -0.2092506981970949, 0.07497318113695042, -0.49887406397592016, -0.49887406397592016, 0.5011234062505457, 0.5011234062505457], [1.101582995638406, -0.22756756159121916, 0.0746011369047111, -0.49887406397592016, -0.49887406397592016, 0.5011234062505457, 0.5011234062505457], [1.1015007094332792, -0.24585859305365118, 0.07491747976440791, -0.49887406397592016, -0.49887406397592016, 0.5011234062505457, 0.5011234062505457], [1.10141985849114, -0.2638305863440663, 0.07453297258111835, -0.49887406397592016, -0.49887406397592016, 0.5011234062505457, 0.5011234062505457], [1.1013375141807162, -0.2821345337723445, 0.07450512189484701, -0.49887406397592016, -0.49887406397592016, 0.5011234062505457, 0.5011234062505457], [1.1012551698702924, -0.30043848120062255, 0.07447727120857578, -0.49887406397592016, -0.49887406397592016, 0.5011234062505457, 0.5011234062505457], [1.1011743770334503, -0.31839755852519164, 0.07443695757125421, -0.49887406397592016, -0.49887406397592016, 0.5011234062505457, 0.5011234062505457], [1.1010920327230265, -0.3367015059534697, 0.07440910688498298, -0.49887406397592016, -0.49887406397592016, 0.5011234062505457, 0.5011234062505457], [1.1010112979914815, -0.3546476673121925, 0.07471298679362946, -0.49887406397592016, -0.49887406397592016, 0.5011234062505457, 0.5011234062505457], [1.1009289536810576, -0.37295161474047056, 0.07468513610735822, -0.49887406397592016, -0.49887406397592016, 0.5011234062505457, 0.5011234062505457], [1.101665200371812, -0.2092946401122048, 0.09220778433745583, -0.49887406397592016, -0.49887406397592016, 0.5011234062505457, 0.5011234062505457], [1.1015812464825094, -0.22795637361003834, 0.09184820305626679, -0.49887406397592016, -0.49887406397592016, 0.5011234062505457, 0.5011234062505457], [1.1015005117509642, -0.24590253496876108, 0.09215208296491331, -0.49887406397592016, -0.49887406397592016, 0.5011234062505457, 0.5011234062505457], [1.1014197189141222, -0.26386161229333, 0.09211176932759174, -0.49887406397592016, -0.49887406397592016, 0.5011234062505457, 0.5011234062505457], [1.101334213551238, -0.2828682158948727, 0.09176465099745293, -0.49887406397592016, -0.49887406397592016, 0.5011234062505457, 0.5011234062505457], [1.1012549721879776, -0.3004824231157324, 0.09171187440908113, -0.49887406397592016, -0.49887406397592016, 0.5011234062505457, 0.5011234062505457], [1.1011726859828508, -0.3187734545781644, 0.092028217268778, -0.49887406397592016, -0.49887406397592016, 0.5011234062505457, 0.5011234062505457], [1.1010918931460085, -0.3367325319027334, 0.09198790363145637, -0.49887406397592016, -0.49887406397592016, 0.5011234062505457, 0.5011234062505457], [1.1010110422038695, -0.35470452519314855, 0.09160339644816676, -0.49887406397592016, -0.49887406397592016, 0.5011234062505457, 0.5011234062505457], [1.1009302493670274, -0.3726636025177175, 